,,*** Location Wise Summary ***,,

Location, No. of Warning, No. of Critical
Ideabytes,0,6
,,*** Device Wise Summary ***,,

Location, DeviceId, Device Name, No. of Warning, No. of Critical
Ideabytes,WTH_0000001,Dev001,0,6

,,*** Over All Data ***,,

Location,DeviceName,Sensor,OperatingRange,UoM,Alert Start Time,Alert End Time,Duration,State,Min,Max,Avg
="Ideabytes",="Dev001",="Humidity",="20-40",="%",="05-05-2025 14:18",="05-05-2025 14:20",="2 mins",="Critical",="15",="20",="17.5"
="Ideabytes",="Dev001",="Temperature",="20-40",="°C",="05-05-2025 14:18",="05-05-2025 14:20",="2 mins",="Critical",="16",="39",="27.5"
="Ideabytes",="Dev001",="Humidity",="20-40",="%",="04-05-2025 17:58",="04-05-2025 18:04",="6 mins",="Critical",="16",="20",="18.0"
="Ideabytes",="Dev001",="Temperature",="20-40",="°C",="04-05-2025 17:58",="04-05-2025 18:04",="6 mins",="Critical",="15",="39",="27.0"
="Ideabytes",="Dev001",="Humidity",="20-40",="%",="04-05-2025 17:43",="04-05-2025 17:55",="12 mins",="Critical",="16",="20",="17.0"
="Ideabytes",="Dev001",="Temperature",="20-40",="°C",="04-05-2025 17:43",="04-05-2025 17:55",="12 mins",="Critical",="15",="39",="21.0"
